{
  "train": {
    "accuracy": 0.5386666666666666,
    "f1": 0.6637600462257709,
    "precision": 0.5430867752610994,
    "recall": 0.8533801580333626,
    "roc_auc": 0.538899319901176,
    "pr_auc": 0.572838619952077,
    "precision_at_top10": 0.618018018018018
  },
  "val": {
    "accuracy": 0.5438950554994955,
    "f1": 0.665680473372781,
    "precision": 0.5466693662684754,
    "recall": 0.8509297195083517,
    "roc_auc": 0.5469082523168972,
    "pr_auc": 0.5795404729728103,
    "precision_at_top10": 0.6414141414141414
  },
  "test": {
    "accuracy": 0.5384227341516731,
    "f1": 0.6614872364039955,
    "precision": 0.543354943273906,
    "recall": 0.8452568547116294,
    "roc_auc": 0.532593750759779,
    "pr_auc": 0.5634751671191304,
    "precision_at_top10": 0.6060606060606061
  }
}