experiment,roc_auc,f1,accuracy,pr_auc,precision_at_top10
exp1_logreg_full,0.6771,0.681,0.6396,0.6912,0.7811
exp2_tree_depth6,0.6711,0.68,0.6374,0.6739,0.7845
baseline_logreg,0.5469082523168972,0.665680473372781,0.5438950554994955,0.5795404729728103,0.6414141414141414
