experiment,hypothesis,model,split,accuracy,f1,precision,recall,roc_auc,pr_auc,precision_at_top10
exp1_logreg_full,Инженерные признаки заголовка поднимают ROC-AUC на val как минимум на 0.02,LogReg(C=1.0) на CSV-признаках заголовка + инженерных + контекст,train,0.6256936936936937,0.6657656787978248,0.6358328211432084,0.69865604106166,0.6621193722723582,0.683267827634374,0.781981981981982
exp1_logreg_full,Инженерные признаки заголовка поднимают ROC-AUC на val как минимум на 0.02,LogReg(C=1.0) на CSV-признаках заголовка + инженерных + контекст,val,0.639589640094181,0.680958761351794,0.6453160270880361,0.7207689883391113,0.6771226844240799,0.6912431669209202,0.7811447811447811
exp1_logreg_full,Инженерные признаки заголовка поднимают ROC-AUC на val как минимум на 0.02,LogReg(C=1.0) на CSV-признаках заголовка + инженерных + контекст,test,0.6230031948881789,0.6632622409131872,0.6335724533715925,0.6958714150646076,0.6528997937036791,0.6744719920830065,0.7744107744107744
exp2_tree_depth6,Неглубокая нелинейная модель улавливает взаимодействия признаков,DecisionTree(max_depth=6),train,0.6314234234234234,0.6735605770458317,0.6385476550680786,0.7126359154453974,0.6701009503404648,0.6811346160031433,0.8028828828828829
exp2_tree_depth6,Неглубокая нелинейная модель улавливает взаимодействия признаков,DecisionTree(max_depth=6),val,0.6374032963336697,0.6800237459186702,0.6426367461430575,0.7220296249606051,0.6710619226936072,0.6738622146039842,0.7845117845117845
exp2_tree_depth6,Неглубокая нелинейная модель улавливает взаимодействия признаков,DecisionTree(max_depth=6),test,0.6082058180595258,0.652342584303193,0.6194389345423633,0.6889379136463915,0.6389426398976039,0.6463368879063202,0.7760942760942761
