{
  "params": {
    "n_estimators": 716,
    "max_depth": 4,
    "learning_rate": 0.02732123283043015,
    "subsample": 0.6283320287351034,
    "colsample_bytree": 0.6887107788130419,
    "reg_alpha": 0.0008310180661230012,
    "reg_lambda": 0.39101792914346645,
    "num_leaves": 100,
    "random_state": 42,
    "n_jobs": -1,
    "verbose": -1
  },
  "metrics_train": {
    "accuracy": 0.7060540540540541,
    "f1": 0.736624584288528,
    "precision": 0.7057040336550359,
    "recall": 0.7703788748564868,
    "roc_auc": 0.7887009434601067,
    "pr_auc": 0.8089207215734084,
    "precision_at_top10": 0.9268468468468468
  },
  "metrics_val": {
    "accuracy": 0.6416078035654221,
    "f1": 0.6809402605180416,
    "precision": 0.6486023958927553,
    "recall": 0.7166719193192562,
    "roc_auc": 0.6720294487987981,
    "pr_auc": 0.6899117105691643,
    "precision_at_top10": 0.7929292929292929
  },
  "metrics_test": {
    "accuracy": 0.6157726584832689,
    "f1": 0.6571642910727682,
    "precision": 0.627147766323024,
    "recall": 0.6901985502678852,
    "roc_auc": 0.6475946903294312,
    "pr_auc": 0.6750367682998347,
    "precision_at_top10": 0.7626262626262627
  },
  "model_path": "C:\\Users\\HONOR\\Desktop\\miem\\ИИ\\proj2\\hseml-group-project-malkovila\\models\\final_lgbm_cp2.joblib"
}